{"cameraMode":{"drawMode":0,"name":"Shaded","section":"Shading Mode"},"sceneLighting":false,"audioPlay":false,"sceneViewState":{"m_AlwaysRefresh":false,"showFog":true,"showSkybox":false,"showFlares":true,"showImageEffects":true,"showParticleSystems":true,"showVisualEffectGraphs":true,"m_FxEnabled":true},"in2DMode":false,"pivot":{"x":-0.6168110370635986,"y":0.10690748691558838,"z":-1.9411187171936036},"rotation":{"x":0.13216716051101685,"y":-0.7227497100830078,"z":0.14410901069641114,"w":0.6628705263137817},"size":2.3387091159820558,"orthographic":false}