{"cameraMode":{"drawMode":0,"name":"Shaded","section":"Shading Mode"},"sceneLighting":false,"audioPlay":false,"sceneViewState":{"m_AlwaysRefresh":false,"showFog":true,"showSkybox":false,"showFlares":true,"showImageEffects":true,"showParticleSystems":true,"showVisualEffectGraphs":true,"m_FxEnabled":true},"in2DMode":false,"pivot":{"x":0.13734912872314454,"y":-0.18664908409118653,"z":0.6500809192657471},"rotation":{"x":0.20051240921020509,"y":-0.47184711694717409,"z":0.11113236844539643,"w":0.851354718208313},"size":2.3387091159820558,"orthographic":false}