{"cameraMode":{"drawMode":0,"name":"Shaded","section":"Shading Mode"},"sceneLighting":true,"audioPlay":false,"sceneViewState":{"m_AlwaysRefresh":false,"showFog":true,"showSkybox":true,"showFlares":true,"showImageEffects":true,"showParticleSystems":true,"showVisualEffectGraphs":true,"m_FxEnabled":true},"in2DMode":false,"pivot":{"x":-0.3190457820892334,"y":0.7901852130889893,"z":3.670574188232422},"rotation":{"x":0.050354260951280597,"y":-0.029957689344882966,"z":0.0015110967215150595,"w":0.9982830286026001},"size":0.6206518411636353,"orthographic":false}