{"cameraMode":{"drawMode":0,"name":"Shaded","section":"Shading Mode"},"sceneLighting":false,"audioPlay":false,"sceneViewState":{"m_AlwaysRefresh":false,"showFog":true,"showSkybox":false,"showFlares":true,"showImageEffects":true,"showParticleSystems":true,"showVisualEffectGraphs":true,"m_FxEnabled":true},"in2DMode":false,"pivot":{"x":-0.009870648384094239,"y":0.0012501007877290249,"z":-0.001839950680732727},"rotation":{"x":-0.16633664071559907,"y":0.1741245985031128,"z":-0.02985551953315735,"w":-0.9701147675514221},"size":0.10378363728523255,"orthographic":false}